{"cameraMode":{"drawMode":0,"name":"Shaded","section":"Shading Mode"},"sceneLighting":true,"audioPlay":false,"sceneViewState":{"m_AlwaysRefresh":false,"showFog":true,"showSkybox":true,"showFlares":true,"showImageEffects":true,"showParticleSystems":true,"showVisualEffectGraphs":true,"m_FxEnabled":true},"in2DMode":false,"pivot":{"x":-8.531394958496094,"y":1.6747217178344727,"z":0.5921408534049988},"rotation":{"x":0.2765560448169708,"y":-0.2744370400905609,"z":0.08275289833545685,"w":0.9173495173454285},"size":0.41422995924949648,"orthographic":false}