{"cameraMode":{"drawMode":0,"name":"Shaded","section":"Shading Mode"},"sceneLighting":true,"audioPlay":false,"sceneViewState":{"m_AlwaysRefresh":false,"showFog":true,"showSkybox":true,"showFlares":true,"showImageEffects":true,"showParticleSystems":true,"showVisualEffectGraphs":true,"m_FxEnabled":true},"in2DMode":false,"pivot":{"x":-9.873849868774414,"y":0.4274093508720398,"z":1.7084932327270508},"rotation":{"x":0.11037958413362503,"y":-0.3733654320240021,"z":0.04478353634476662,"w":0.9200355410575867},"size":1.9430954456329346,"orthographic":false}